[{"model": "auth.permission", "pk": 1, "fields": {"name": "Can add log entry", "content_type": 1, "codename": "add_logentry"}}, {"model": "auth.permission", "pk": 2, "fields": {"name": "Can change log entry", "content_type": 1, "codename": "change_logentry"}}, {"model": "auth.permission", "pk": 3, "fields": {"name": "Can delete log entry", "content_type": 1, "codename": "delete_logentry"}}, {"model": "auth.permission", "pk": 4, "fields": {"name": "Can view log entry", "content_type": 1, "codename": "view_logentry"}}, {"model": "auth.permission", "pk": 5, "fields": {"name": "Can add permission", "content_type": 2, "codename": "add_permission"}}, {"model": "auth.permission", "pk": 6, "fields": {"name": "Can change permission", "content_type": 2, "codename": "change_permission"}}, {"model": "auth.permission", "pk": 7, "fields": {"name": "Can delete permission", "content_type": 2, "codename": "delete_permission"}}, {"model": "auth.permission", "pk": 8, "fields": {"name": "Can view permission", "content_type": 2, "codename": "view_permission"}}, {"model": "auth.permission", "pk": 9, "fields": {"name": "Can add group", "content_type": 3, "codename": "add_group"}}, {"model": "auth.permission", "pk": 10, "fields": {"name": "Can change group", "content_type": 3, "codename": "change_group"}}, {"model": "auth.permission", "pk": 11, "fields": {"name": "Can delete group", "content_type": 3, "codename": "delete_group"}}, {"model": "auth.permission", "pk": 12, "fields": {"name": "Can view group", "content_type": 3, "codename": "view_group"}}, {"model": "auth.permission", "pk": 13, "fields": {"name": "Can add content type", "content_type": 4, "codename": "add_contenttype"}}, {"model": "auth.permission", "pk": 14, "fields": {"name": "Can change content type", "content_type": 4, "codename": "change_contenttype"}}, {"model": "auth.permission", "pk": 15, "fields": {"name": "Can delete content type", "content_type": 4, "codename": "delete_contenttype"}}, {"model": "auth.permission", "pk": 16, "fields": {"name": "Can view content type", "content_type": 4, "codename": "view_contenttype"}}, {"model": "auth.permission", "pk": 17, "fields": {"name": "Can add session", "content_type": 5, "codename": "add_session"}}, {"model": "auth.permission", "pk": 18, "fields": {"name": "Can change session", "content_type": 5, "codename": "change_session"}}, {"model": "auth.permission", "pk": 19, "fields": {"name": "Can delete session", "content_type": 5, "codename": "delete_session"}}, {"model": "auth.permission", "pk": 20, "fields": {"name": "Can view session", "content_type": 5, "codename": "view_session"}}, {"model": "auth.permission", "pk": 21, "fields": {"name": "Can add user", "content_type": 6, "codename": "add_customuser"}}, {"model": "auth.permission", "pk": 22, "fields": {"name": "Can change user", "content_type": 6, "codename": "change_customuser"}}, {"model": "auth.permission", "pk": 23, "fields": {"name": "Can delete user", "content_type": 6, "codename": "delete_customuser"}}, {"model": "auth.permission", "pk": 24, "fields": {"name": "Can view user", "content_type": 6, "codename": "view_customuser"}}, {"model": "auth.permission", "pk": 25, "fields": {"name": "Can add patient profile", "content_type": 7, "codename": "add_patientprofile"}}, {"model": "auth.permission", "pk": 26, "fields": {"name": "Can change patient profile", "content_type": 7, "codename": "change_patientprofile"}}, {"model": "auth.permission", "pk": 27, "fields": {"name": "Can delete patient profile", "content_type": 7, "codename": "delete_patientprofile"}}, {"model": "auth.permission", "pk": 28, "fields": {"name": "Can view patient profile", "content_type": 7, "codename": "view_patientprofile"}}, {"model": "auth.permission", "pk": 29, "fields": {"name": "Can add specialty", "content_type": 8, "codename": "add_specialty"}}, {"model": "auth.permission", "pk": 30, "fields": {"name": "Can change specialty", "content_type": 8, "codename": "change_specialty"}}, {"model": "auth.permission", "pk": 31, "fields": {"name": "Can delete specialty", "content_type": 8, "codename": "delete_specialty"}}, {"model": "auth.permission", "pk": 32, "fields": {"name": "Can view specialty", "content_type": 8, "codename": "view_specialty"}}, {"model": "auth.permission", "pk": 33, "fields": {"name": "Can add doctor", "content_type": 9, "codename": "add_doctor"}}, {"model": "auth.permission", "pk": 34, "fields": {"name": "Can change doctor", "content_type": 9, "codename": "change_doctor"}}, {"model": "auth.permission", "pk": 35, "fields": {"name": "Can delete doctor", "content_type": 9, "codename": "delete_doctor"}}, {"model": "auth.permission", "pk": 36, "fields": {"name": "Can view doctor", "content_type": 9, "codename": "view_doctor"}}, {"model": "auth.permission", "pk": 37, "fields": {"name": "Can add appointment", "content_type": 10, "codename": "add_appointment"}}, {"model": "auth.permission", "pk": 38, "fields": {"name": "Can change appointment", "content_type": 10, "codename": "change_appointment"}}, {"model": "auth.permission", "pk": 39, "fields": {"name": "Can delete appointment", "content_type": 10, "codename": "delete_appointment"}}, {"model": "auth.permission", "pk": 40, "fields": {"name": "Can view appointment", "content_type": 10, "codename": "view_appointment"}}, {"model": "auth.permission", "pk": 41, "fields": {"name": "Can add availability", "content_type": 11, "codename": "add_availability"}}, {"model": "auth.permission", "pk": 42, "fields": {"name": "Can change availability", "content_type": 11, "codename": "change_availability"}}, {"model": "auth.permission", "pk": 43, "fields": {"name": "Can delete availability", "content_type": 11, "codename": "delete_availability"}}, {"model": "auth.permission", "pk": 44, "fields": {"name": "Can view availability", "content_type": 11, "codename": "view_availability"}}, {"model": "auth.permission", "pk": 45, "fields": {"name": "Can add unavailable period", "content_type": 12, "codename": "add_unavailableperiod"}}, {"model": "auth.permission", "pk": 46, "fields": {"name": "Can change unavailable period", "content_type": 12, "codename": "change_unavailableperiod"}}, {"model": "auth.permission", "pk": 47, "fields": {"name": "Can delete unavailable period", "content_type": 12, "codename": "delete_unavailableperiod"}}, {"model": "auth.permission", "pk": 48, "fields": {"name": "Can view unavailable period", "content_type": 12, "codename": "view_unavailableperiod"}}, {"model": "contenttypes.contenttype", "pk": 1, "fields": {"app_label": "admin", "model": "logentry"}}, {"model": "contenttypes.contenttype", "pk": 2, "fields": {"app_label": "auth", "model": "permission"}}, {"model": "contenttypes.contenttype", "pk": 3, "fields": {"app_label": "auth", "model": "group"}}, {"model": "contenttypes.contenttype", "pk": 4, "fields": {"app_label": "contenttypes", "model": "contenttype"}}, {"model": "contenttypes.contenttype", "pk": 5, "fields": {"app_label": "sessions", "model": "session"}}, {"model": "contenttypes.contenttype", "pk": 6, "fields": {"app_label": "accounts", "model": "customuser"}}, {"model": "contenttypes.contenttype", "pk": 7, "fields": {"app_label": "patients", "model": "patientprofile"}}, {"model": "contenttypes.contenttype", "pk": 8, "fields": {"app_label": "doctors", "model": "specialty"}}, {"model": "contenttypes.contenttype", "pk": 9, "fields": {"app_label": "doctors", "model": "doctor"}}, {"model": "contenttypes.contenttype", "pk": 10, "fields": {"app_label": "appointments", "model": "appointment"}}, {"model": "contenttypes.contenttype", "pk": 11, "fields": {"app_label": "schedules", "model": "availability"}}, {"model": "contenttypes.contenttype", "pk": 12, "fields": {"app_label": "schedules", "model": "unavailableperiod"}}, {"model": "sessions.session", "pk": "66pavr81605xcgolus2bhv9jxq1c2is3", "fields": {"session_data": ".eJxVjDsOwjAQBe_iGln-rH-U9DmDtc5aOIBsKU4qxN1xpBTQzsx7bxZx30rce17jQuzKpGWXX5hwfuZ6GHpgvTc-t7qtS-JHwk_b-dQov25n-3dQsJexTiRQogYHoJ0KCAq8AyMCWG2VEZkIFEmb0A7ohHfGSD9Kpb0nCOzzBccHNdM:1wUViF:7ynqZKo3VDgVvrYo3eCxHVvCJZ-zvk4iFXSBr84iWzc", "expire_date": "2026-06-16T20:27:47.319Z"}}, {"model": "sessions.session", "pk": "leqiwz2qb0ol1xgsnikdr68vep7r2bqo", "fields": {"session_data": ".eJxVjMsOwiAQRf-FtSFAeRSX7v0GMsOMUjWQlHZl_HfbpAvdnnPufYsE61LS2nlOE4mzMFqcfiFCfnLdDT2g3pvMrS7zhHJP5GG7vDbi1-Vo_w4K9LKttVEcbsiafQAzRAcWN-YsBm2Nz44UaQsIPvpRMUVn4jgQWEs8eKfF5wvy-Ddj:1wUia1:q9Dtssh0J3IGo9CsHqrC6pjO8TTAWcbw0VK7EZJ3Ka8", "expire_date": "2026-06-17T10:12:09.056Z"}}, {"model": "accounts.customuser", "pk": 1, "fields": {"password": "pbkdf2_sha256$1000000$uXqHt4V66SH88JUgJuZ99r$posjR9bMnTk1b7z36EMSq/+swVGYWrz8oaRU6fDpK+Q=", "last_login": "2026-06-03T08:57:56.244Z", "is_superuser": false, "username": "amina.bennani", "first_name": "Amina", "last_name": "Bennani", "email": "amina.bennani@medibook.demo", "is_staff": false, "is_active": true, "date_joined": "2026-06-02T13:42:45.172Z", "role": "doctor", "phone": "0600000000", "groups": [], "user_permissions": []}}, {"model": "accounts.customuser", "pk": 2, "fields": {"password": "pbkdf2_sha256$1000000$dTMFVhzbeuCCPZUwalVu7G$1Wqz3Kvh5F+gM54SUCHjucjl4dwC4wRJ9gMrWZWVGuU=", "last_login": null, "is_superuser": false, "username": "youssef.elidrissi", "first_name": "Youssef", "last_name": "El Idrissi", "email": "youssef.elidrissi@medibook.demo", "is_staff": false, "is_active": true, "date_joined": "2026-06-02T13:42:46.222Z", "role": "doctor", "phone": "0600000000", "groups": [], "user_permissions": []}}, {"model": "accounts.customuser", "pk": 3, "fields": {"password": "pbkdf2_sha256$1000000$Sl0p3ffzPE39wQqsUtsIZJ$dNuOFv/VETEqxWHg7yHT2PlvHb/rGWOMRS5jOTnwD74=", "last_login": null, "is_superuser": false, "username": "salma.alaoui", "first_name": "Salma", "last_name": "Alaoui", "email": "salma.alaoui@medibook.demo", "is_staff": false, "is_active": true, "date_joined": "2026-06-02T13:42:47.087Z", "role": "doctor", "phone": "0600000000", "groups": [], "user_permissions": []}}, {"model": "accounts.customuser", "pk": 4, "fields": {"password": "pbkdf2_sha256$1000000$OzcGKFdF4lohrrKCyGryv4$sTiyJwHZ8A8SrSeZ9aTH8vWoVo1UumU9pZ8tVQnk/gk=", "last_login": null, "is_superuser": false, "username": "hajar.mansouri", "first_name": "Hajar", "last_name": "Mansouri", "email": "hajar.mansouri@medibook.demo", "is_staff": false, "is_active": true, "date_joined": "2026-06-02T13:42:48.030Z", "role": "doctor", "phone": "0600000000", "groups": [], "user_permissions": []}}, {"model": "accounts.customuser", "pk": 5, "fields": {"password": "pbkdf2_sha256$1000000$etHSAdysHNi1BIkeOeBNsa$MNp2Wl1nurOxKEPpCQXOEsCqEUEX8G+4mqBsCzRQFUk=", "last_login": null, "is_superuser": false, "username": "omar.berrada", "first_name": "Omar", "last_name": "Berrada", "email": "omar.berrada@medibook.demo", "is_staff": false, "is_active": true, "date_joined": "2026-06-02T13:42:49.252Z", "role": "doctor", "phone": "0600000000", "groups": [], "user_permissions": []}}, {"model": "accounts.customuser", "pk": 6, "fields": {"password": "pbkdf2_sha256$1000000$EJoNQNQLWiKaLURJbzTa5f$r2AJADbg4kQi5Dcz8eoKL5TXKVi8DTTHPsuOlFemNNQ=", "last_login": null, "is_superuser": false, "username": "mehdi.tazi", "first_name": "Mehdi", "last_name": "Tazi", "email": "mehdi.tazi@medibook.demo", "is_staff": false, "is_active": true, "date_joined": "2026-06-02T13:42:50.461Z", "role": "doctor", "phone": "0600000000", "groups": [], "user_permissions": []}}, {"model": "accounts.customuser", "pk": 7, "fields": {"password": "pbkdf2_sha256$1000000$xqNSheIl08a6dCTW68joQJ$HdO+oDvH607jRMkHFAC9S3n3yzlb5XHsRCiBPH9RIio=", "last_login": null, "is_superuser": false, "username": "karim.elalami", "first_name": "Karim", "last_name": "El Alami", "email": "karim.elalami@medibook.demo", "is_staff": false, "is_active": true, "date_joined": "2026-06-02T13:42:51.470Z", "role": "doctor", "phone": "0600000000", "groups": [], "user_permissions": []}}, {"model": "accounts.customuser", "pk": 8, "fields": {"password": "pbkdf2_sha256$1000000$Z7AakVdQ0pI0bwdrHPg6hi$RkZAjDXSAgtFQ1olvcxPrgNAEt/ec0cRj/kRwMyupEw=", "last_login": null, "is_superuser": false, "username": "nora.fassi", "first_name": "Nora", "last_name": "Fassi", "email": "nora.fassi@medibook.demo", "is_staff": false, "is_active": true, "date_joined": "2026-06-02T13:42:52.569Z", "role": "doctor", "phone": "0600000000", "groups": [], "user_permissions": []}}, {"model": "accounts.customuser", "pk": 9, "fields": {"password": "pbkdf2_sha256$1000000$4ll8UqVnQGpilroddZLCpz$CwtnxtiqYQ+gRMFnMIuGruiAWV6dnu8WkHj7IgCpefQ=", "last_login": null, "is_superuser": false, "username": "imad.rachidi", "first_name": "Imad", "last_name": "Rachidi", "email": "imad.rachidi@medibook.demo", "is_staff": false, "is_active": true, "date_joined": "2026-06-02T13:42:54.049Z", "role": "doctor", "phone": "0600000000", "groups": [], "user_permissions": []}}, {"model": "accounts.customuser", "pk": 10, "fields": {"password": "pbkdf2_sha256$1000000$4h6D7Mv2Db9An58fGIQQmY$ku10v7HNFEPx2SXdGSauKW5DiANrg03Dmm1kj3ac8Jk=", "last_login": null, "is_superuser": false, "username": "sara.elkhatib", "first_name": "Sara", "last_name": "El Khatib", "email": "sara.elkhatib@medibook.demo", "is_staff": false, "is_active": true, "date_joined": "2026-06-02T13:42:55.633Z", "role": "doctor", "phone": "0600000000", "groups": [], "user_permissions": []}}, {"model": "accounts.customuser", "pk": 11, "fields": {"password": "pbkdf2_sha256$1000000$c6sqWUiG1j68IWREVNITqO$lL31CrL0Pptp67aUyS0uG6Fyyf2PLs3wdk3L6QMU8J8=", "last_login": null, "is_superuser": false, "username": "anas.lahlou", "first_name": "Anas", "last_name": "Lahlou", "email": "anas.lahlou@medibook.demo", "is_staff": false, "is_active": true, "date_joined": "2026-06-02T13:42:57.287Z", "role": "doctor", "phone": "0600000000", "groups": [], "user_permissions": []}}, {"model": "accounts.customuser", "pk": 12, "fields": {"password": "pbkdf2_sha256$1000000$FCxPotKM4e72dMreGQEXx8$/BnqkYeWU+68K/9gzjXFMPrGjLBIgztZQc0/s2Bg+xY=", "last_login": null, "is_superuser": false, "username": "meryem.ouazzani", "first_name": "Meryem", "last_name": "Ouazzani", "email": "meryem.ouazzani@medibook.demo", "is_staff": false, "is_active": true, "date_joined": "2026-06-02T13:42:58.527Z", "role": "doctor", "phone": "0600000000", "groups": [], "user_permissions": []}}, {"model": "accounts.customuser", "pk": 13, "fields": {"password": "pbkdf2_sha256$1000000$DUEgR5na33jJKhgDDzMwCb$rPT/mXXk0+o8a0b9ruThpzP0sjTrc0UAvmvmwsmtJWo=", "last_login": null, "is_superuser": false, "username": "adnane.sabri", "first_name": "Adnane", "last_name": "Sabri", "email": "adnane.sabri@medibook.demo", "is_staff": false, "is_active": true, "date_joined": "2026-06-02T13:42:59.660Z", "role": "doctor", "phone": "0600000000", "groups": [], "user_permissions": []}}, {"model": "accounts.customuser", "pk": 14, "fields": {"password": "pbkdf2_sha256$1000000$QKlNZAEfYeO9bPzFo5inRw$033adV6JvRctc2CktBDkEQI3jvjoNPCnGEnuSEv6gbM=", "last_login": null, "is_superuser": false, "username": "lina.haddad", "first_name": "Lina", "last_name": "Haddad", "email": "lina.haddad@medibook.demo", "is_staff": false, "is_active": true, "date_joined": "2026-06-02T13:43:00.701Z", "role": "doctor", "phone": "0600000000", "groups": [], "user_permissions": []}}, {"model": "accounts.customuser", "pk": 15, "fields": {"password": "pbkdf2_sha256$1000000$emaKWaF8WzHPR2Y8snY62H$ibJJQtnUZixNzeX0ZI/QYPjDCeLKoFQkU0ysvNdmOLA=", "last_login": null, "is_superuser": false, "username": "samir.boukhari", "first_name": "Samir", "last_name": "Boukhari", "email": "samir.boukhari@medibook.demo", "is_staff": false, "is_active": true, "date_joined": "2026-06-02T13:43:01.832Z", "role": "doctor", "phone": "0600000000", "groups": [], "user_permissions": []}}, {"model": "accounts.customuser", "pk": 16, "fields": {"password": "pbkdf2_sha256$1000000$x43ZAc1qWFjGAkJLvxt8oB$2niLqxAYllNch5dpSb+TRYBn3hCFh2PjjMnP9jii3bw=", "last_login": "2026-06-03T10:10:51.000Z", "is_superuser": true, "username": "admin", "first_name": "Admin", "last_name": "MediBook", "email": "admin@medibook.demo", "is_staff": true, "is_active": true, "date_joined": "2026-06-02T13:43:03.218Z", "role": "admin", "phone": "", "groups": [], "user_permissions": []}}, {"model": "accounts.customuser", "pk": 17, "fields": {"password": "pbkdf2_sha256$1000000$2QUDtsQKIBHRtNIV4wZpSu$XOuoWB0zi/pKAYLC+MMiVYlHTZd2hGryoOlUPhQ6LlM=", "last_login": null, "is_superuser": false, "username": "patient.demo", "first_name": "Patient", "last_name": "Demo", "email": "patient@medibook.demo", "is_staff": false, "is_active": true, "date_joined": "2026-06-02T13:43:04.397Z", "role": "patient", "phone": "0611111111", "groups": [], "user_permissions": []}}, {"model": "accounts.customuser", "pk": 18, "fields": {"password": "pbkdf2_sha256$1000000$r0F7Qv3Sgb0FCiyoiJOHIT$oHaQBYwkWq70G3Vct53qoCSWMWqBX4tnflNN/4lWqe0=", "last_login": "2026-06-02T14:17:22.866Z", "is_superuser": false, "username": "OthmaneDD", "first_name": "Othmane", "last_name": "eddahbi", "email": "othmanedd@gmail.com", "is_staff": false, "is_active": true, "date_joined": "2026-06-02T14:11:54.324Z", "role": "patient", "phone": "0614763083", "groups": [], "user_permissions": []}}, {"model": "accounts.customuser", "pk": 19, "fields": {"password": "pbkdf2_sha256$1000000$sc8VcSSYq0TxF3KgaEkgeI$9DbyNXmHuJJ0rYvejjvvvllzSZAHN4l8m9nB+Q9cLd8=", "last_login": "2026-06-02T20:29:59.071Z", "is_superuser": false, "username": "othmaneid", "first_name": "othmane", "last_name": "iddahbi", "email": "othmaneidd@gmail.com", "is_staff": false, "is_active": true, "date_joined": "2026-06-02T20:29:57.450Z", "role": "patient", "phone": "0614763083", "groups": [], "user_permissions": []}}, {"model": "accounts.customuser", "pk": 20, "fields": {"password": "pbkdf2_sha256$1000000$MaGdrzgMEodPzwIC6rHLkR$nLoGniJaZTFWDms9fyg0SBh+BVSMWwAgANPYDR7TvYE=", "last_login": "2026-06-03T09:59:59.184Z", "is_superuser": false, "username": "sofia", "first_name": "kharbouche", "last_name": "sofia", "email": "sofia@gmail.com", "is_staff": false, "is_active": true, "date_joined": "2026-06-03T09:59:57.790Z", "role": "patient", "phone": "0609105098", "groups": [], "user_permissions": []}}, {"model": "accounts.customuser", "pk": 21, "fields": {"password": "pbkdf2_sha256$1000000$L4SQ2k72buddAYIoAqPS9w$9VwhfeY/xey2SYcaStakNqAIeivxtju0ONVS+t7+J8I=", "last_login": "2026-06-03T10:12:09.046Z", "is_superuser": false, "username": "othmane", "first_name": "othmane", "last_name": "iddahbi", "email": "othmaneidd@gmail.com", "is_staff": false, "is_active": true, "date_joined": "2026-06-03T10:12:06.614Z", "role": "patient", "phone": "0614763083", "groups": [], "user_permissions": []}}, {"model": "patients.patientprofile", "pk": 1, "fields": {"user": 18, "date_of_birth": null, "address": ""}}, {"model": "patients.patientprofile", "pk": 2, "fields": {"user": 19, "date_of_birth": null, "address": ""}}, {"model": "patients.patientprofile", "pk": 3, "fields": {"user": 20, "date_of_birth": null, "address": ""}}, {"model": "patients.patientprofile", "pk": 4, "fields": {"user": 21, "date_of_birth": null, "address": ""}}, {"model": "doctors.specialty", "pk": 1, "fields": {"name": "Cardiologie", "description": "Maladies du cśur et de la circulation.", "keywords": "coeur, poitrine, palpitations, hypertension, essoufflement"}}, {"model": "doctors.specialty", "pk": 2, "fields": {"name": "Dermatologie", "description": "Pathologies de la peau, cheveux et ongles.", "keywords": "peau, boutons, rougeurs, démangeaisons, acné, allergie"}}, {"model": "doctors.specialty", "pk": 3, "fields": {"name": "Pédiatrie", "description": "Suivi médical des enfants et nourrissons.", "keywords": "enfant, bébé, fičvre, vaccination, croissance"}}, {"model": "doctors.specialty", "pk": 4, "fields": {"name": "Gynécologie", "description": "Suivi féminin, grossesse, contraception et douleurs pelviennes.", "keywords": "grossesse, rčgles, contraception, fertilité, douleur pelvienne"}}, {"model": "doctors.specialty", "pk": 5, "fields": {"name": "Neurologie", "description": "Troubles du systčme nerveux, migraines et vertiges.", "keywords": "migraine, vertiges, convulsions, tremblement, mémoire"}}, {"model": "doctors.specialty", "pk": 6, "fields": {"name": "Ophtalmologie", "description": "Santé des yeux et troubles de la vision.", "keywords": "yeux, vision, vue, lunettes, douleur oculaire"}}, {"model": "doctors.specialty", "pk": 7, "fields": {"name": "ORL", "description": "Oreille, nez, gorge, audition et sinus.", "keywords": "oreille, nez, gorge, sinusite, otite, angine"}}, {"model": "doctors.specialty", "pk": 8, "fields": {"name": "Dentisterie", "description": "Soins dentaires et douleurs bucco-dentaires.", "keywords": "dent, carie, gencive, douleur dentaire, abcčs"}}, {"model": "doctors.specialty", "pk": 9, "fields": {"name": "Médecine générale", "description": "Premier avis, bilan de santé et symptômes courants.", "keywords": "fatigue, fičvre, grippe, bilan, douleur, toux"}}, {"model": "doctors.specialty", "pk": 10, "fields": {"name": "Radiologie", "description": "Examens d’imagerie médicale.", "keywords": "radio, scanner, irm, échographie, radiographie"}}, {"model": "doctors.specialty", "pk": 11, "fields": {"name": "Orthopédie", "description": "Os, articulations, fractures, entorses et traumatismes.", "keywords": "os, articulation, fracture, entorse, genou, dos"}}, {"model": "doctors.specialty", "pk": 12, "fields": {"name": "Pneumologie", "description": "Poumons, asthme, toux chronique et respiration.", "keywords": "asthme, respiration, toux, poumon, bronchite"}}, {"model": "doctors.specialty", "pk": 13, "fields": {"name": "Gastro-entérologie", "description": "Appareil digestif, estomac, foie et intestins.", "keywords": "ventre, estomac, digestion, diarrhée, reflux, constipation"}}, {"model": "doctors.specialty", "pk": 14, "fields": {"name": "Psychiatrie", "description": "Santé mentale, anxiété, stress, sommeil et humeur.", "keywords": "anxiété, stress, dépression, sommeil, panique"}}, {"model": "doctors.specialty", "pk": 15, "fields": {"name": "Endocrinologie", "description": "Diabčte, thyroďde, hormones et métabolisme.", "keywords": "diabčte, thyroďde, hormone, poids, glycémie"}}, {"model": "doctors.doctor", "pk": 1, "fields": {"user": 1, "cabinet_address": "Cabinet Médical Maarif, Casablanca", "description": "Cardiologue spécialisée dans le suivi de l’hypertension, des palpitations et des douleurs thoraciques.", "years_experience": 12, "photo": "", "is_active": true, "specialties": [1]}}, {"model": "doctors.doctor", "pk": 2, "fields": {"user": 2, "cabinet_address": "Centre Santé Agdal, Rabat", "description": "Dermatologue pour acné, allergies cutanées, eczéma et suivi de la peau.", "years_experience": 8, "photo": "", "is_active": true, "specialties": [2]}}, {"model": "doctors.doctor", "pk": 3, "fields": {"user": 3, "cabinet_address": "Clinique Ibn Sina, Tanger", "description": "Pédiatre pour le suivi des enfants, fičvre, vaccination et croissance.", "years_experience": 10, "photo": "", "is_active": true, "specialties": [3]}}, {"model": "doctors.doctor", "pk": 4, "fields": {"user": 4, "cabinet_address": "Centre Médical Gauthier, Casablanca", "description": "Gynécologue pour suivi féminin, contraception, grossesse et douleurs pelviennes.", "years_experience": 11, "photo": "", "is_active": true, "specialties": [4]}}, {"model": "doctors.doctor", "pk": 5, "fields": {"user": 5, "cabinet_address": "Clinique Al Amal, Rabat", "description": "Neurologue pour migraines, vertiges, tremblements et troubles neurologiques.", "years_experience": 14, "photo": "", "is_active": true, "specialties": [5]}}, {"model": "doctors.doctor", "pk": 6, "fields": {"user": 6, "cabinet_address": "Centre Vision, Casablanca", "description": "Ophtalmologue pour troubles de la vue, douleurs oculaires et contrôle de vision.", "years_experience": 7, "photo": "", "is_active": true, "specialties": [6]}}, {"model": "doctors.doctor", "pk": 7, "fields": {"user": 7, "cabinet_address": "Cabinet ORL Médina, Fčs", "description": "Spécialiste ORL pour otites, sinusites, angines, audition et nez-gorge.", "years_experience": 9, "photo": "", "is_active": true, "specialties": [7]}}, {"model": "doctors.doctor", "pk": 8, "fields": {"user": 8, "cabinet_address": "Cabinet Dentaire Anfa, Casablanca", "description": "Dentiste pour douleurs dentaires, caries, gencives et soins préventifs.", "years_experience": 9, "photo": "", "is_active": true, "specialties": [8]}}, {"model": "doctors.doctor", "pk": 9, "fields": {"user": 9, "cabinet_address": "Centre Santé Atlas, Marrakech", "description": "Médecin généraliste pour bilan, fičvre, grippe, fatigue et orientation initiale.", "years_experience": 6, "photo": "", "is_active": true, "specialties": [9]}}, {"model": "doctors.doctor", "pk": 10, "fields": {"user": 10, "cabinet_address": "Centre Imagerie Médicale, Rabat", "description": "Radiologue pour radiographie, scanner, IRM et échographie.", "years_experience": 13, "photo": "", "is_active": true, "specialties": [10]}}, {"model": "doctors.doctor", "pk": 11, "fields": {"user": 11, "cabinet_address": "Clinique Orthopédique, Casablanca", "description": "Orthopédiste pour fractures, entorses, douleurs articulaires, genou et dos.", "years_experience": 10, "photo": "", "is_active": true, "specialties": [11]}}, {"model": "doctors.doctor", "pk": 12, "fields": {"user": 12, "cabinet_address": "Centre Respiratoire, Tanger", "description": "Pneumologue pour asthme, toux chronique, bronchite et essoufflement.", "years_experience": 8, "photo": "", "is_active": true, "specialties": [12]}}, {"model": "doctors.doctor", "pk": 13, "fields": {"user": 13, "cabinet_address": "Clinique Digestive, Rabat", "description": "Gastro-entérologue pour douleurs abdominales, reflux, diarrhée et constipation.", "years_experience": 12, "photo": "", "is_active": true, "specialties": [13]}}, {"model": "doctors.doctor", "pk": 14, "fields": {"user": 14, "cabinet_address": "Cabinet Santé Mentale, Casablanca", "description": "Psychiatre pour anxiété, stress, troubles du sommeil et suivi de l’humeur.", "years_experience": 7, "photo": "", "is_active": true, "specialties": [14]}}, {"model": "doctors.doctor", "pk": 15, "fields": {"user": 15, "cabinet_address": "Centre Diabčte & Hormones, Rabat", "description": "Endocrinologue pour diabčte, thyroďde, hormones et troubles métaboliques.", "years_experience": 15, "photo": "", "is_active": true, "specialties": [15]}}, {"model": "appointments.appointment", "pk": 1, "fields": {"patient": 18, "doctor": 10, "specialty": 10, "date": "2026-06-10", "time": "09:00:00", "reason": "douleurs", "status": "pending", "created_at": "2026-06-02T14:12:59.147Z"}}, {"model": "appointments.appointment", "pk": 2, "fields": {"patient": 19, "doctor": 10, "specialty": 10, "date": "2026-06-10", "time": "10:00:00", "reason": "douleurs", "status": "pending", "created_at": "2026-06-02T20:30:37.125Z"}}, {"model": "appointments.appointment", "pk": 3, "fields": {"patient": 16, "doctor": 1, "specialty": 1, "date": "2026-06-04", "time": "09:30:00", "reason": "consultation", "status": "confirmed", "created_at": "2026-06-03T08:05:15.856Z"}}, {"model": "appointments.appointment", "pk": 4, "fields": {"patient": 16, "doctor": 1, "specialty": 1, "date": "2026-06-04", "time": "10:00:00", "reason": "suivi", "status": "pending", "created_at": "2026-06-03T08:06:39.642Z"}}, {"model": "appointments.appointment", "pk": 5, "fields": {"patient": 21, "doctor": 1, "specialty": 1, "date": "2026-06-04", "time": "11:30:00", "reason": "douleurs", "status": "pending", "created_at": "2026-06-03T10:12:46.539Z"}}, {"model": "appointments.appointment", "pk": 6, "fields": {"patient": 21, "doctor": 1, "specialty": 1, "date": "2026-06-04", "time": "10:30:00", "reason": "consultation", "status": "pending", "created_at": "2026-06-03T10:14:19.156Z"}}, {"model": "schedules.availability", "pk": 1, "fields": {"doctor": 1, "day_of_week": 0, "start_time": "09:00:00", "end_time": "12:00:00", "slot_duration": 30, "is_active": true}}, {"model": "schedules.availability", "pk": 2, "fields": {"doctor": 1, "day_of_week": 0, "start_time": "14:00:00", "end_time": "17:00:00", "slot_duration": 30, "is_active": true}}, {"model": "schedules.availability", "pk": 3, "fields": {"doctor": 1, "day_of_week": 1, "start_time": "09:00:00", "end_time": "12:00:00", "slot_duration": 30, "is_active": true}}, {"model": "schedules.availability", "pk": 4, "fields": {"doctor": 1, "day_of_week": 1, "start_time": "14:00:00", "end_time": "17:00:00", "slot_duration": 30, "is_active": true}}, {"model": "schedules.availability", "pk": 5, "fields": {"doctor": 1, "day_of_week": 2, "start_time": "09:00:00", "end_time": "12:00:00", "slot_duration": 30, "is_active": true}}, {"model": "schedules.availability", "pk": 6, "fields": {"doctor": 1, "day_of_week": 2, "start_time": "14:00:00", "end_time": "17:00:00", "slot_duration": 30, "is_active": true}}, {"model": "schedules.availability", "pk": 7, "fields": {"doctor": 1, "day_of_week": 3, "start_time": "09:00:00", "end_time": "12:00:00", "slot_duration": 30, "is_active": true}}, {"model": "schedules.availability", "pk": 8, "fields": {"doctor": 1, "day_of_week": 3, "start_time": "14:00:00", "end_time": "17:00:00", "slot_duration": 30, "is_active": true}}, {"model": "schedules.availability", "pk": 9, "fields": {"doctor": 1, "day_of_week": 4, "start_time": "09:00:00", "end_time": "12:00:00", "slot_duration": 30, "is_active": true}}, {"model": "schedules.availability", "pk": 10, "fields": {"doctor": 1, "day_of_week": 4, "start_time": "14:00:00", "end_time": "17:00:00", "slot_duration": 30, "is_active": true}}, {"model": "schedules.availability", "pk": 11, "fields": {"doctor": 2, "day_of_week": 0, "start_time": "09:00:00", "end_time": "12:00:00", "slot_duration": 30, "is_active": true}}, {"model": "schedules.availability", "pk": 12, "fields": {"doctor": 2, "day_of_week": 0, "start_time": "14:00:00", "end_time": "17:00:00", "slot_duration": 30, "is_active": true}}, {"model": "schedules.availability", "pk": 13, "fields": {"doctor": 2, "day_of_week": 1, "start_time": "09:00:00", "end_time": "12:00:00", "slot_duration": 30, "is_active": true}}, {"model": "schedules.availability", "pk": 14, "fields": {"doctor": 2, "day_of_week": 1, "start_time": "14:00:00", "end_time": "17:00:00", "slot_duration": 30, "is_active": true}}, {"model": "schedules.availability", "pk": 15, "fields": {"doctor": 2, "day_of_week": 2, "start_time": "09:00:00", "end_time": "12:00:00", "slot_duration": 30, "is_active": true}}, {"model": "schedules.availability", "pk": 16, "fields": {"doctor": 2, "day_of_week": 2, "start_time": "14:00:00", "end_time": "17:00:00", "slot_duration": 30, "is_active": true}}, {"model": "schedules.availability", "pk": 17, "fields": {"doctor": 2, "day_of_week": 3, "start_time": "09:00:00", "end_time": "12:00:00", "slot_duration": 30, "is_active": true}}, {"model": "schedules.availability", "pk": 18, "fields": {"doctor": 2, "day_of_week": 3, "start_time": "14:00:00", "end_time": "17:00:00", "slot_duration": 30, "is_active": true}}, {"model": "schedules.availability", "pk": 19, "fields": {"doctor": 2, "day_of_week": 4, "start_time": "09:00:00", "end_time": "12:00:00", "slot_duration": 30, "is_active": true}}, {"model": "schedules.availability", "pk": 20, "fields": {"doctor": 2, "day_of_week": 4, "start_time": "14:00:00", "end_time": "17:00:00", "slot_duration": 30, "is_active": true}}, {"model": "schedules.availability", "pk": 21, "fields": {"doctor": 3, "day_of_week": 0, "start_time": "09:00:00", "end_time": "12:00:00", "slot_duration": 30, "is_active": true}}, {"model": "schedules.availability", "pk": 22, "fields": {"doctor": 3, "day_of_week": 0, "start_time": "14:00:00", "end_time": "17:00:00", "slot_duration": 30, "is_active": true}}, {"model": "schedules.availability", "pk": 23, "fields": {"doctor": 3, "day_of_week": 1, "start_time": "09:00:00", "end_time": "12:00:00", "slot_duration": 30, "is_active": true}}, {"model": "schedules.availability", "pk": 24, "fields": {"doctor": 3, "day_of_week": 1, "start_time": "14:00:00", "end_time": "17:00:00", "slot_duration": 30, "is_active": true}}, {"model": "schedules.availability", "pk": 25, "fields": {"doctor": 3, "day_of_week": 2, "start_time": "09:00:00", "end_time": "12:00:00", "slot_duration": 30, "is_active": true}}, {"model": "schedules.availability", "pk": 26, "fields": {"doctor": 3, "day_of_week": 2, "start_time": "14:00:00", "end_time": "17:00:00", "slot_duration": 30, "is_active": true}}, {"model": "schedules.availability", "pk": 27, "fields": {"doctor": 3, "day_of_week": 3, "start_time": "09:00:00", "end_time": "12:00:00", "slot_duration": 30, "is_active": true}}, {"model": "schedules.availability", "pk": 28, "fields": {"doctor": 3, "day_of_week": 3, "start_time": "14:00:00", "end_time": "17:00:00", "slot_duration": 30, "is_active": true}}, {"model": "schedules.availability", "pk": 29, "fields": {"doctor": 3, "day_of_week": 4, "start_time": "09:00:00", "end_time": "12:00:00", "slot_duration": 30, "is_active": true}}, {"model": "schedules.availability", "pk": 30, "fields": {"doctor": 3, "day_of_week": 4, "start_time": "14:00:00", "end_time": "17:00:00", "slot_duration": 30, "is_active": true}}, {"model": "schedules.availability", "pk": 31, "fields": {"doctor": 4, "day_of_week": 0, "start_time": "09:00:00", "end_time": "12:00:00", "slot_duration": 30, "is_active": true}}, {"model": "schedules.availability", "pk": 32, "fields": {"doctor": 4, "day_of_week": 0, "start_time": "14:00:00", "end_time": "17:00:00", "slot_duration": 30, "is_active": true}}, {"model": "schedules.availability", "pk": 33, "fields": {"doctor": 4, "day_of_week": 1, "start_time": "09:00:00", "end_time": "12:00:00", "slot_duration": 30, "is_active": true}}, {"model": "schedules.availability", "pk": 34, "fields": {"doctor": 4, "day_of_week": 1, "start_time": "14:00:00", "end_time": "17:00:00", "slot_duration": 30, "is_active": true}}, {"model": "schedules.availability", "pk": 35, "fields": {"doctor": 4, "day_of_week": 2, "start_time": "09:00:00", "end_time": "12:00:00", "slot_duration": 30, "is_active": true}}, {"model": "schedules.availability", "pk": 36, "fields": {"doctor": 4, "day_of_week": 2, "start_time": "14:00:00", "end_time": "17:00:00", "slot_duration": 30, "is_active": true}}, {"model": "schedules.availability", "pk": 37, "fields": {"doctor": 4, "day_of_week": 3, "start_time": "09:00:00", "end_time": "12:00:00", "slot_duration": 30, "is_active": true}}, {"model": "schedules.availability", "pk": 38, "fields": {"doctor": 4, "day_of_week": 3, "start_time": "14:00:00", "end_time": "17:00:00", "slot_duration": 30, "is_active": true}}, {"model": "schedules.availability", "pk": 39, "fields": {"doctor": 4, "day_of_week": 4, "start_time": "09:00:00", "end_time": "12:00:00", "slot_duration": 30, "is_active": true}}, {"model": "schedules.availability", "pk": 40, "fields": {"doctor": 4, "day_of_week": 4, "start_time": "14:00:00", "end_time": "17:00:00", "slot_duration": 30, "is_active": true}}, {"model": "schedules.availability", "pk": 41, "fields": {"doctor": 5, "day_of_week": 0, "start_time": "09:00:00", "end_time": "12:00:00", "slot_duration": 30, "is_active": true}}, {"model": "schedules.availability", "pk": 42, "fields": {"doctor": 5, "day_of_week": 0, "start_time": "14:00:00", "end_time": "17:00:00", "slot_duration": 30, "is_active": true}}, {"model": "schedules.availability", "pk": 43, "fields": {"doctor": 5, "day_of_week": 1, "start_time": "09:00:00", "end_time": "12:00:00", "slot_duration": 30, "is_active": true}}, {"model": "schedules.availability", "pk": 44, "fields": {"doctor": 5, "day_of_week": 1, "start_time": "14:00:00", "end_time": "17:00:00", "slot_duration": 30, "is_active": true}}, {"model": "schedules.availability", "pk": 45, "fields": {"doctor": 5, "day_of_week": 2, "start_time": "09:00:00", "end_time": "12:00:00", "slot_duration": 30, "is_active": true}}, {"model": "schedules.availability", "pk": 46, "fields": {"doctor": 5, "day_of_week": 2, "start_time": "14:00:00", "end_time": "17:00:00", "slot_duration": 30, "is_active": true}}, {"model": "schedules.availability", "pk": 47, "fields": {"doctor": 5, "day_of_week": 3, "start_time": "09:00:00", "end_time": "12:00:00", "slot_duration": 30, "is_active": true}}, {"model": "schedules.availability", "pk": 48, "fields": {"doctor": 5, "day_of_week": 3, "start_time": "14:00:00", "end_time": "17:00:00", "slot_duration": 30, "is_active": true}}, {"model": "schedules.availability", "pk": 49, "fields": {"doctor": 5, "day_of_week": 4, "start_time": "09:00:00", "end_time": "12:00:00", "slot_duration": 30, "is_active": true}}, {"model": "schedules.availability", "pk": 50, "fields": {"doctor": 5, "day_of_week": 4, "start_time": "14:00:00", "end_time": "17:00:00", "slot_duration": 30, "is_active": true}}, {"model": "schedules.availability", "pk": 51, "fields": {"doctor": 6, "day_of_week": 0, "start_time": "09:00:00", "end_time": "12:00:00", "slot_duration": 30, "is_active": true}}, {"model": "schedules.availability", "pk": 52, "fields": {"doctor": 6, "day_of_week": 0, "start_time": "14:00:00", "end_time": "17:00:00", "slot_duration": 30, "is_active": true}}, {"model": "schedules.availability", "pk": 53, "fields": {"doctor": 6, "day_of_week": 1, "start_time": "09:00:00", "end_time": "12:00:00", "slot_duration": 30, "is_active": true}}, {"model": "schedules.availability", "pk": 54, "fields": {"doctor": 6, "day_of_week": 1, "start_time": "14:00:00", "end_time": "17:00:00", "slot_duration": 30, "is_active": true}}, {"model": "schedules.availability", "pk": 55, "fields": {"doctor": 6, "day_of_week": 2, "start_time": "09:00:00", "end_time": "12:00:00", "slot_duration": 30, "is_active": true}}, {"model": "schedules.availability", "pk": 56, "fields": {"doctor": 6, "day_of_week": 2, "start_time": "14:00:00", "end_time": "17:00:00", "slot_duration": 30, "is_active": true}}, {"model": "schedules.availability", "pk": 57, "fields": {"doctor": 6, "day_of_week": 3, "start_time": "09:00:00", "end_time": "12:00:00", "slot_duration": 30, "is_active": true}}, {"model": "schedules.availability", "pk": 58, "fields": {"doctor": 6, "day_of_week": 3, "start_time": "14:00:00", "end_time": "17:00:00", "slot_duration": 30, "is_active": true}}, {"model": "schedules.availability", "pk": 59, "fields": {"doctor": 6, "day_of_week": 4, "start_time": "09:00:00", "end_time": "12:00:00", "slot_duration": 30, "is_active": true}}, {"model": "schedules.availability", "pk": 60, "fields": {"doctor": 6, "day_of_week": 4, "start_time": "14:00:00", "end_time": "17:00:00", "slot_duration": 30, "is_active": true}}, {"model": "schedules.availability", "pk": 61, "fields": {"doctor": 7, "day_of_week": 0, "start_time": "09:00:00", "end_time": "12:00:00", "slot_duration": 30, "is_active": true}}, {"model": "schedules.availability", "pk": 62, "fields": {"doctor": 7, "day_of_week": 0, "start_time": "14:00:00", "end_time": "17:00:00", "slot_duration": 30, "is_active": true}}, {"model": "schedules.availability", "pk": 63, "fields": {"doctor": 7, "day_of_week": 1, "start_time": "09:00:00", "end_time": "12:00:00", "slot_duration": 30, "is_active": true}}, {"model": "schedules.availability", "pk": 64, "fields": {"doctor": 7, "day_of_week": 1, "start_time": "14:00:00", "end_time": "17:00:00", "slot_duration": 30, "is_active": true}}, {"model": "schedules.availability", "pk": 65, "fields": {"doctor": 7, "day_of_week": 2, "start_time": "09:00:00", "end_time": "12:00:00", "slot_duration": 30, "is_active": true}}, {"model": "schedules.availability", "pk": 66, "fields": {"doctor": 7, "day_of_week": 2, "start_time": "14:00:00", "end_time": "17:00:00", "slot_duration": 30, "is_active": true}}, {"model": "schedules.availability", "pk": 67, "fields": {"doctor": 7, "day_of_week": 3, "start_time": "09:00:00", "end_time": "12:00:00", "slot_duration": 30, "is_active": true}}, {"model": "schedules.availability", "pk": 68, "fields": {"doctor": 7, "day_of_week": 3, "start_time": "14:00:00", "end_time": "17:00:00", "slot_duration": 30, "is_active": true}}, {"model": "schedules.availability", "pk": 69, "fields": {"doctor": 7, "day_of_week": 4, "start_time": "09:00:00", "end_time": "12:00:00", "slot_duration": 30, "is_active": true}}, {"model": "schedules.availability", "pk": 70, "fields": {"doctor": 7, "day_of_week": 4, "start_time": "14:00:00", "end_time": "17:00:00", "slot_duration": 30, "is_active": true}}, {"model": "schedules.availability", "pk": 71, "fields": {"doctor": 8, "day_of_week": 0, "start_time": "09:00:00", "end_time": "12:00:00", "slot_duration": 30, "is_active": true}}, {"model": "schedules.availability", "pk": 72, "fields": {"doctor": 8, "day_of_week": 0, "start_time": "14:00:00", "end_time": "17:00:00", "slot_duration": 30, "is_active": true}}, {"model": "schedules.availability", "pk": 73, "fields": {"doctor": 8, "day_of_week": 1, "start_time": "09:00:00", "end_time": "12:00:00", "slot_duration": 30, "is_active": true}}, {"model": "schedules.availability", "pk": 74, "fields": {"doctor": 8, "day_of_week": 1, "start_time": "14:00:00", "end_time": "17:00:00", "slot_duration": 30, "is_active": true}}, {"model": "schedules.availability", "pk": 75, "fields": {"doctor": 8, "day_of_week": 2, "start_time": "09:00:00", "end_time": "12:00:00", "slot_duration": 30, "is_active": true}}, {"model": "schedules.availability", "pk": 76, "fields": {"doctor": 8, "day_of_week": 2, "start_time": "14:00:00", "end_time": "17:00:00", "slot_duration": 30, "is_active": true}}, {"model": "schedules.availability", "pk": 77, "fields": {"doctor": 8, "day_of_week": 3, "start_time": "09:00:00", "end_time": "12:00:00", "slot_duration": 30, "is_active": true}}, {"model": "schedules.availability", "pk": 78, "fields": {"doctor": 8, "day_of_week": 3, "start_time": "14:00:00", "end_time": "17:00:00", "slot_duration": 30, "is_active": true}}, {"model": "schedules.availability", "pk": 79, "fields": {"doctor": 8, "day_of_week": 4, "start_time": "09:00:00", "end_time": "12:00:00", "slot_duration": 30, "is_active": true}}, {"model": "schedules.availability", "pk": 80, "fields": {"doctor": 8, "day_of_week": 4, "start_time": "14:00:00", "end_time": "17:00:00", "slot_duration": 30, "is_active": true}}, {"model": "schedules.availability", "pk": 81, "fields": {"doctor": 9, "day_of_week": 0, "start_time": "09:00:00", "end_time": "12:00:00", "slot_duration": 30, "is_active": true}}, {"model": "schedules.availability", "pk": 82, "fields": {"doctor": 9, "day_of_week": 0, "start_time": "14:00:00", "end_time": "17:00:00", "slot_duration": 30, "is_active": true}}, {"model": "schedules.availability", "pk": 83, "fields": {"doctor": 9, "day_of_week": 1, "start_time": "09:00:00", "end_time": "12:00:00", "slot_duration": 30, "is_active": true}}, {"model": "schedules.availability", "pk": 84, "fields": {"doctor": 9, "day_of_week": 1, "start_time": "14:00:00", "end_time": "17:00:00", "slot_duration": 30, "is_active": true}}, {"model": "schedules.availability", "pk": 85, "fields": {"doctor": 9, "day_of_week": 2, "start_time": "09:00:00", "end_time": "12:00:00", "slot_duration": 30, "is_active": true}}, {"model": "schedules.availability", "pk": 86, "fields": {"doctor": 9, "day_of_week": 2, "start_time": "14:00:00", "end_time": "17:00:00", "slot_duration": 30, "is_active": true}}, {"model": "schedules.availability", "pk": 87, "fields": {"doctor": 9, "day_of_week": 3, "start_time": "09:00:00", "end_time": "12:00:00", "slot_duration": 30, "is_active": true}}, {"model": "schedules.availability", "pk": 88, "fields": {"doctor": 9, "day_of_week": 3, "start_time": "14:00:00", "end_time": "17:00:00", "slot_duration": 30, "is_active": true}}, {"model": "schedules.availability", "pk": 89, "fields": {"doctor": 9, "day_of_week": 4, "start_time": "09:00:00", "end_time": "12:00:00", "slot_duration": 30, "is_active": true}}, {"model": "schedules.availability", "pk": 90, "fields": {"doctor": 9, "day_of_week": 4, "start_time": "14:00:00", "end_time": "17:00:00", "slot_duration": 30, "is_active": true}}, {"model": "schedules.availability", "pk": 91, "fields": {"doctor": 10, "day_of_week": 0, "start_time": "09:00:00", "end_time": "12:00:00", "slot_duration": 30, "is_active": true}}, {"model": "schedules.availability", "pk": 92, "fields": {"doctor": 10, "day_of_week": 0, "start_time": "14:00:00", "end_time": "17:00:00", "slot_duration": 30, "is_active": true}}, {"model": "schedules.availability", "pk": 93, "fields": {"doctor": 10, "day_of_week": 1, "start_time": "09:00:00", "end_time": "12:00:00", "slot_duration": 30, "is_active": true}}, {"model": "schedules.availability", "pk": 94, "fields": {"doctor": 10, "day_of_week": 1, "start_time": "14:00:00", "end_time": "17:00:00", "slot_duration": 30, "is_active": true}}, {"model": "schedules.availability", "pk": 95, "fields": {"doctor": 10, "day_of_week": 2, "start_time": "09:00:00", "end_time": "12:00:00", "slot_duration": 30, "is_active": true}}, {"model": "schedules.availability", "pk": 96, "fields": {"doctor": 10, "day_of_week": 2, "start_time": "14:00:00", "end_time": "17:00:00", "slot_duration": 30, "is_active": true}}, {"model": "schedules.availability", "pk": 97, "fields": {"doctor": 10, "day_of_week": 3, "start_time": "09:00:00", "end_time": "12:00:00", "slot_duration": 30, "is_active": true}}, {"model": "schedules.availability", "pk": 98, "fields": {"doctor": 10, "day_of_week": 3, "start_time": "14:00:00", "end_time": "17:00:00", "slot_duration": 30, "is_active": true}}, {"model": "schedules.availability", "pk": 99, "fields": {"doctor": 10, "day_of_week": 4, "start_time": "09:00:00", "end_time": "12:00:00", "slot_duration": 30, "is_active": true}}, {"model": "schedules.availability", "pk": 100, "fields": {"doctor": 10, "day_of_week": 4, "start_time": "14:00:00", "end_time": "17:00:00", "slot_duration": 30, "is_active": true}}, {"model": "schedules.availability", "pk": 101, "fields": {"doctor": 11, "day_of_week": 0, "start_time": "09:00:00", "end_time": "12:00:00", "slot_duration": 30, "is_active": true}}, {"model": "schedules.availability", "pk": 102, "fields": {"doctor": 11, "day_of_week": 0, "start_time": "14:00:00", "end_time": "17:00:00", "slot_duration": 30, "is_active": true}}, {"model": "schedules.availability", "pk": 103, "fields": {"doctor": 11, "day_of_week": 1, "start_time": "09:00:00", "end_time": "12:00:00", "slot_duration": 30, "is_active": true}}, {"model": "schedules.availability", "pk": 104, "fields": {"doctor": 11, "day_of_week": 1, "start_time": "14:00:00", "end_time": "17:00:00", "slot_duration": 30, "is_active": true}}, {"model": "schedules.availability", "pk": 105, "fields": {"doctor": 11, "day_of_week": 2, "start_time": "09:00:00", "end_time": "12:00:00", "slot_duration": 30, "is_active": true}}, {"model": "schedules.availability", "pk": 106, "fields": {"doctor": 11, "day_of_week": 2, "start_time": "14:00:00", "end_time": "17:00:00", "slot_duration": 30, "is_active": true}}, {"model": "schedules.availability", "pk": 107, "fields": {"doctor": 11, "day_of_week": 3, "start_time": "09:00:00", "end_time": "12:00:00", "slot_duration": 30, "is_active": true}}, {"model": "schedules.availability", "pk": 108, "fields": {"doctor": 11, "day_of_week": 3, "start_time": "14:00:00", "end_time": "17:00:00", "slot_duration": 30, "is_active": true}}, {"model": "schedules.availability", "pk": 109, "fields": {"doctor": 11, "day_of_week": 4, "start_time": "09:00:00", "end_time": "12:00:00", "slot_duration": 30, "is_active": true}}, {"model": "schedules.availability", "pk": 110, "fields": {"doctor": 11, "day_of_week": 4, "start_time": "14:00:00", "end_time": "17:00:00", "slot_duration": 30, "is_active": true}}, {"model": "schedules.availability", "pk": 111, "fields": {"doctor": 12, "day_of_week": 0, "start_time": "09:00:00", "end_time": "12:00:00", "slot_duration": 30, "is_active": true}}, {"model": "schedules.availability", "pk": 112, "fields": {"doctor": 12, "day_of_week": 0, "start_time": "14:00:00", "end_time": "17:00:00", "slot_duration": 30, "is_active": true}}, {"model": "schedules.availability", "pk": 113, "fields": {"doctor": 12, "day_of_week": 1, "start_time": "09:00:00", "end_time": "12:00:00", "slot_duration": 30, "is_active": true}}, {"model": "schedules.availability", "pk": 114, "fields": {"doctor": 12, "day_of_week": 1, "start_time": "14:00:00", "end_time": "17:00:00", "slot_duration": 30, "is_active": true}}, {"model": "schedules.availability", "pk": 115, "fields": {"doctor": 12, "day_of_week": 2, "start_time": "09:00:00", "end_time": "12:00:00", "slot_duration": 30, "is_active": true}}, {"model": "schedules.availability", "pk": 116, "fields": {"doctor": 12, "day_of_week": 2, "start_time": "14:00:00", "end_time": "17:00:00", "slot_duration": 30, "is_active": true}}, {"model": "schedules.availability", "pk": 117, "fields": {"doctor": 12, "day_of_week": 3, "start_time": "09:00:00", "end_time": "12:00:00", "slot_duration": 30, "is_active": true}}, {"model": "schedules.availability", "pk": 118, "fields": {"doctor": 12, "day_of_week": 3, "start_time": "14:00:00", "end_time": "17:00:00", "slot_duration": 30, "is_active": true}}, {"model": "schedules.availability", "pk": 119, "fields": {"doctor": 12, "day_of_week": 4, "start_time": "09:00:00", "end_time": "12:00:00", "slot_duration": 30, "is_active": true}}, {"model": "schedules.availability", "pk": 120, "fields": {"doctor": 12, "day_of_week": 4, "start_time": "14:00:00", "end_time": "17:00:00", "slot_duration": 30, "is_active": true}}, {"model": "schedules.availability", "pk": 121, "fields": {"doctor": 13, "day_of_week": 0, "start_time": "09:00:00", "end_time": "12:00:00", "slot_duration": 30, "is_active": true}}, {"model": "schedules.availability", "pk": 122, "fields": {"doctor": 13, "day_of_week": 0, "start_time": "14:00:00", "end_time": "17:00:00", "slot_duration": 30, "is_active": true}}, {"model": "schedules.availability", "pk": 123, "fields": {"doctor": 13, "day_of_week": 1, "start_time": "09:00:00", "end_time": "12:00:00", "slot_duration": 30, "is_active": true}}, {"model": "schedules.availability", "pk": 124, "fields": {"doctor": 13, "day_of_week": 1, "start_time": "14:00:00", "end_time": "17:00:00", "slot_duration": 30, "is_active": true}}, {"model": "schedules.availability", "pk": 125, "fields": {"doctor": 13, "day_of_week": 2, "start_time": "09:00:00", "end_time": "12:00:00", "slot_duration": 30, "is_active": true}}, {"model": "schedules.availability", "pk": 126, "fields": {"doctor": 13, "day_of_week": 2, "start_time": "14:00:00", "end_time": "17:00:00", "slot_duration": 30, "is_active": true}}, {"model": "schedules.availability", "pk": 127, "fields": {"doctor": 13, "day_of_week": 3, "start_time": "09:00:00", "end_time": "12:00:00", "slot_duration": 30, "is_active": true}}, {"model": "schedules.availability", "pk": 128, "fields": {"doctor": 13, "day_of_week": 3, "start_time": "14:00:00", "end_time": "17:00:00", "slot_duration": 30, "is_active": true}}, {"model": "schedules.availability", "pk": 129, "fields": {"doctor": 13, "day_of_week": 4, "start_time": "09:00:00", "end_time": "12:00:00", "slot_duration": 30, "is_active": true}}, {"model": "schedules.availability", "pk": 130, "fields": {"doctor": 13, "day_of_week": 4, "start_time": "14:00:00", "end_time": "17:00:00", "slot_duration": 30, "is_active": true}}, {"model": "schedules.availability", "pk": 131, "fields": {"doctor": 14, "day_of_week": 0, "start_time": "09:00:00", "end_time": "12:00:00", "slot_duration": 30, "is_active": true}}, {"model": "schedules.availability", "pk": 132, "fields": {"doctor": 14, "day_of_week": 0, "start_time": "14:00:00", "end_time": "17:00:00", "slot_duration": 30, "is_active": true}}, {"model": "schedules.availability", "pk": 133, "fields": {"doctor": 14, "day_of_week": 1, "start_time": "09:00:00", "end_time": "12:00:00", "slot_duration": 30, "is_active": true}}, {"model": "schedules.availability", "pk": 134, "fields": {"doctor": 14, "day_of_week": 1, "start_time": "14:00:00", "end_time": "17:00:00", "slot_duration": 30, "is_active": true}}, {"model": "schedules.availability", "pk": 135, "fields": {"doctor": 14, "day_of_week": 2, "start_time": "09:00:00", "end_time": "12:00:00", "slot_duration": 30, "is_active": true}}, {"model": "schedules.availability", "pk": 136, "fields": {"doctor": 14, "day_of_week": 2, "start_time": "14:00:00", "end_time": "17:00:00", "slot_duration": 30, "is_active": true}}, {"model": "schedules.availability", "pk": 137, "fields": {"doctor": 14, "day_of_week": 3, "start_time": "09:00:00", "end_time": "12:00:00", "slot_duration": 30, "is_active": true}}, {"model": "schedules.availability", "pk": 138, "fields": {"doctor": 14, "day_of_week": 3, "start_time": "14:00:00", "end_time": "17:00:00", "slot_duration": 30, "is_active": true}}, {"model": "schedules.availability", "pk": 139, "fields": {"doctor": 14, "day_of_week": 4, "start_time": "09:00:00", "end_time": "12:00:00", "slot_duration": 30, "is_active": true}}, {"model": "schedules.availability", "pk": 140, "fields": {"doctor": 14, "day_of_week": 4, "start_time": "14:00:00", "end_time": "17:00:00", "slot_duration": 30, "is_active": true}}, {"model": "schedules.availability", "pk": 141, "fields": {"doctor": 15, "day_of_week": 0, "start_time": "09:00:00", "end_time": "12:00:00", "slot_duration": 30, "is_active": true}}, {"model": "schedules.availability", "pk": 142, "fields": {"doctor": 15, "day_of_week": 0, "start_time": "14:00:00", "end_time": "17:00:00", "slot_duration": 30, "is_active": true}}, {"model": "schedules.availability", "pk": 143, "fields": {"doctor": 15, "day_of_week": 1, "start_time": "09:00:00", "end_time": "12:00:00", "slot_duration": 30, "is_active": true}}, {"model": "schedules.availability", "pk": 144, "fields": {"doctor": 15, "day_of_week": 1, "start_time": "14:00:00", "end_time": "17:00:00", "slot_duration": 30, "is_active": true}}, {"model": "schedules.availability", "pk": 145, "fields": {"doctor": 15, "day_of_week": 2, "start_time": "09:00:00", "end_time": "12:00:00", "slot_duration": 30, "is_active": true}}, {"model": "schedules.availability", "pk": 146, "fields": {"doctor": 15, "day_of_week": 2, "start_time": "14:00:00", "end_time": "17:00:00", "slot_duration": 30, "is_active": true}}, {"model": "schedules.availability", "pk": 147, "fields": {"doctor": 15, "day_of_week": 3, "start_time": "09:00:00", "end_time": "12:00:00", "slot_duration": 30, "is_active": true}}, {"model": "schedules.availability", "pk": 148, "fields": {"doctor": 15, "day_of_week": 3, "start_time": "14:00:00", "end_time": "17:00:00", "slot_duration": 30, "is_active": true}}, {"model": "schedules.availability", "pk": 149, "fields": {"doctor": 15, "day_of_week": 4, "start_time": "09:00:00", "end_time": "12:00:00", "slot_duration": 30, "is_active": true}}, {"model": "schedules.availability", "pk": 150, "fields": {"doctor": 15, "day_of_week": 4, "start_time": "14:00:00", "end_time": "17:00:00", "slot_duration": 30, "is_active": true}}]